,Company,Notional Recovery Rate,Recovery rate,Running Spread,Sprd at Maturity,6 Mo,1 Yr,2 Yr,3 Yr,4 Yr,5 Yr,7 Yr,10 Yr,Unnamed: 14,Unnamed: 15,,,,,,,,
1,Advanced Micro D,2000000,0.4,500,44.9,20.91,20.4,25.93,32.97,39.21,44.9,61.38,71.39,,,,,,,,,,
2,Ally Financial Inc,2000000,0.4,500,159.97,53.52,69.09,94.61,116.55,133.94,159.97,206.53,236.54,,,,,,,,,,
3,Altria Group Inc,2000000,0.4,100,42.42,12.13,16.1,20.36,29.2,35.62,42.42,64.48,80.19,,,,,,,,,,
4,Amazon.com Inc,2000000,0.4,100,41.21,17.73,21.9,28.09,33.64,37.73,41.21,57.06,69.91,,,,,,,,,,
5,American Electri,2000000,0.4,100,34.33,10.68,13.44,18.17,24.62,30.56,34.33,50.29,65.73,,,,,,,,,,
6,American Expres,2000000,0.4,100,31.67,11.11,12.96,19.95,24.57,28.34,31.67,46.93,59.29,,,,,,,,,,
7,American Interna,2000000,0.4,100,62.35,23.61,26.91,33.99,43.33,50.3,62.35,91.69,111.63,,,,,,,,,,
8,Amgen Inc,2000000,0.4,100,37.96,12.19,13.74,20.24,27.12,33.19,37.96,54.84,74.15,,,,,,,,,,
9,APA Corp,2000000,0.4,100,107.41,38.03,43.73,57.19,71.69,90.98,107.41,139.65,165.16,,,,,,,,,,
10,Arrow Electronic,2000000,0.4,100,83.69,23.65,26.52,38.86,54.43,70.25,83.69,108.75,129.09,,,,,,,,,,
11,AT&T Inc,2000000,0.4,100,63.77,28.06,35.07,41.1,47.7,55.27,63.77,87.44,102.33,,,,,,,,,,
12,AutoZone Inc,2000000,0.4,100,37.59,10.97,17.31,22.77,26.46,31.75,37.59,52.46,69.21,,,,,,,,,,
13,Avnet Inc,2000000,0.4,100,94.02,25.82,26.78,41.91,59.99,77.4,94.02,125.78,150.64,,,,,,,,,,
14,Barrick Mining C,2000000,0.4,100,39.49,8.36,13.34,19.15,25.46,32.61,39.49,61.14,82.35,,,,,,,,,,
15,Baxter Internatio,2000000,0.4,100,85.83,20.57,28.07,40.51,51.22,68.78,85.83,113.2,129.97,,,,,,,,,,
16,Best Buy Co Inc,2000000,0.4,500,68.64,18.78,24.72,34.93,43.43,56.15,68.64,93.2,119.69,,,,,,,,,,
17,Block Financial L,2000000,0.4,500,72.72,27.54,31.61,43.27,53.17,63.93,72.72,105.05,130.48,,,,,,,,,,
18,BorgWarner Inc,2000000,0.4,100,56.99,19.32,23.74,30.62,40.11,48.5,56.99,81.39,101.26,,,,,,,,,,
19,Boston Scientific,2000000,0.4,100,33.7,11.85,13.63,18.45,22.01,28.93,33.7,50.77,64.07,,,,,,,,,,
20,Bristol-Myers Sq,2000000,0.4,100,37.61,14.6,16.57,20.86,26.78,31.32,37.61,52.73,67.52,,,,,,,,,,
21,Broadcom Inc,2000000,0.4,100,39.87,16.46,17.88,22.01,28.82,35.14,39.87,58.15,73.37,,,,,,,,,,
22,Canadian Natura,2000000,0.4,100,69.3,23.03,29.75,39.24,49.79,60.67,69.3,101.85,132.43, ,,,,,,,,,
23,Capital One Finan,2000000,0.4,100,81.08,30.8,37.83,52.5,60.73,70.98,81.08,107.44,131.65, ,,,,,,,,,
24,Cardinal Health I,2000000,0.4,100,37.71,13.06,15.59,20.42,26.51,33.11,37.71,56.95,73.18, ,,,,,,,,,
25,Caterpillar Inc,2000000,0.4,100,28.78,8.62,12.57,14.57,19.44,24.39,28.78,44.77,60.84, ,,,,,,,,,
26,Cisco Systems In,2000000,0.4,100,33.68,12.42,11.9,17.45,24.04,30.14,33.68,46.3,58.69, ,,,,,,,,,
27,Comcast Corp,2000000,0.4,100,59.18,17.59,24.78,31.15,41.81,52.38,59.18,78.35,100.21, ,,,,,,,,,
28,Conagra Brands ,2000000,0.4,100,84.07,25.38,27.04,37.01,52.72,67.33,84.07,113.79,134.84, ,,,,,,,,,
29,ConocoPhillips,2000000,0.4,100,42.77,14.3,14.38,19.84,27.65,36.21,42.77,61.25,73.63, ,,,,,,,,,
30,Cox Communicat,2000000,0.4,100,62.94,14,19.61,27.72,38.56,52.09,62.94,80.02,99.98, ,,,,,,,,,
31,CSX Corp,2000000,0.4,100,24.27,10.37,12.6,14.93,18.83,21.45,24.27,39.22,54.05, ,,,,,,,,,
32,CVS Health Corp,2000000,0.4,100,53.89,16.64,17.92,27.65,37.29,44.59,53.89,79.83,101.21, ,,,,,,,,,
33,DR Horton Inc,2000000,0.4,100,59.64,20.35,26.56,34.96,42.26,50.51,59.64,81.07,98.77, ,,,,,,,,,
34,Danaher Corp,2000000,0.4,100,30.21,7.47,10.15,14.97,19.83,24.77,30.21,50.28,66.96, ,,,,,,,,,
35,Darden Restaura,2000000,0.4,100,53.38,16.23,21.55,29.12,37.28,44.68,53.38,76.94,94.65, ,,,,,,,,,
36,Deere & Co,2000000,0.4,100,34.71,12.79,14.72,20.02,24.78,30.42,34.71,52.83,72.55, ,,,,,,,,,
37,Dell Inc,2000000,0.4,100,73.95,16.87,21.97,32.48,45.79,61.29,73.95,104.08,124.65, ,,,,, , , , ,
38,Delta Air Lines I,2000000,0.4,500,113.09,42.59,50.4,61.18,80.49,98.01,113.09,152.85,175.91, ,,,,,,,,,
39,Devon Energy Co,2000000,0.4,100,98.05,32.37,36.13,50.14,67.75,82.25,98.05,130.87,162.58, ,,,,, ,,,,
40,Dominion Energy,2000000,0.4,100,41.11,10.43,16.65,23.38,28.98,35.75,41.11,60.56,74.31, ,,,,, ,,,,
41,DXC Technology ,2000000,0.4,500,169.81,36.33,41.03,69.75,105.33,126.74,169.81,217.39,243.17, ,,,,, ,,,,
42,Eastman Chemica,2000000,0.4,100,98.52,24.54,29,45.27,63.75,81.99,98.52,129.47,149.61, ,,,,, ,,,,
43,Enbridge Inc,2000000,0.4,100,63.41,23.42,29.81,40.39,46.53,55.25,63.41,91.71,113.11,,,,,, ,,,,
44,Energy Transfer ,2000000,0.4,100,63.54,24.21,26.67,38.35,46.18,56.03,63.54,93.59,121.09,,,,,, ,,,,
45,Exelon Corp,2000000,0.4,100,34.47,11.88,14.2,18.66,24.05,29.64,34.47,50.94,67.9,,,,,, ,,,,
46,Expedia Group In,2000000,0.4,100,63.6,13.42,18.85,26.99,38.14,50.15,63.6,96.47,110.26,,,,,, ,,,,
47,FedEx Corp,2000000,0.4,100,55.19,20.73,24.45,31.37,40.15,48.22,55.19,79.04,98.41,,,,,, ,,,,
48,FirstEnergy Corp,2000000,0.4,100,48.24,16.99,19.78,29.65,34.97,42.21,48.24,67.64,81.83,,,,,, ,,,,
49,Ford Motor Co,2000000,0.4,500,170.19,68.69,83.92,106.76,128.22,146.57,170.19,212.62,232.19,,,,,, ,,,,
50,Freeport-McMoRa,2000000,0.4,100,79.52,17.13,21.46,34.76,50.6,67.2,79.52,110.27,133.79,,,,,, ,,,,
51,General Electric ,2000000,0.4,100,33.07,11.27,12.15,14.67,18.85,26.79,33.07,52.51,73.13,,,,,, ,,,,
52,General Mills Inc,2000000,0.4,100,50.31,14.1,18.21,23.91,34.5,40.65,50.31,67.65,84.88,,,,,, ,,,,
53,General Motors C,2000000,0.4,500,108.83,35.57,38.67,55.45,72,93.34,108.83,150.7,169.89,,,,,, ,,,,
54,Halliburton Co,2000000,0.4,100,62.67,22.11,25.12,33.92,41.69,52.55,62.67,90.94,112.57,,,,,, ,,,,
55,HCA Inc,2000000,0.4,500,60.4,16.62,21.06,32.48,43.63,52.83,60.4,85.22,106.85,,,,,, ,,,,
56,Honeywell Intern,2000000,0.4,100,26.57,10.21,11.76,14.81,18.28,21.11,26.57,40.59,53.29,,,,,, ,,,,
57,Host Hotels & Re,2000000,0.4,100,84.31,28.11,33.02,44.85,56.63,70.66,84.31,120.78,146.24,,,,,, ,,,,
58,HP Inc,2000000,0.4,100,78.15,19.65,22.72,34.78,51.13,65.84,78.15,103.31,132.06,,,,,, ,,,,
59,Intel Corp,2000000,0.4,100,73.41,23.76,31.01,39.07,47.4,61.8,73.41,94.5,111.09,,,,,, ,,,,
60,International Bu,2000000,0.4,100,48.85,12.11,18.69,24.28,34.1,41.97,48.85,65.58,80.12,,,,,,,,,,
61,International Pa,2000000,0.4,100,69.62,18.82,22.57,32.48,44.53,55.25,69.62,93.02,103.61,,,,,,,,,,
62,Johnson & Johns,2000000,0.4,100,24.96,11.71,14.17,16.27,17.72,21.07,24.96,41.07,59.21,,,,,,,,,,
63,Johnson Controls,2000000,0.4,100,39.47,12.55,15.41,19.45,25.05,32.86,39.47,53.82,65.49,,,,,,,,,,
64,Kinder Morgan In,2000000,0.4,100,60.92,17.63,22.66,31.89,41.75,51.65,60.92,86.1,106.05,,,,,,,,,,
65,Kraft Heinz Food,2000000,0.4,100,55.72,14.57,19.55,29.48,37.68,46.31,55.72,86.37,108.67,,,,,,,,,,
66,Lennar Corp,2000000,0.4,500,84.88,31.57,34.61,46.88,59.67,74.33,84.88,122.73,144.03,,,,,,,,,,
67,Lincoln National ,2000000,0.4,100,125.81,42.92,51.25,68.2,85.12,108.7,125.81,163.8,188.06,,,,,, , , , , 
68,Lockheed Martin ,2000000,0.4,100,27.3,10.52,12.08,14.3,18.69,22.56,27.3,40.99,55.22,,,,,,,,,,
69,Lowe's Cos Inc,2000000,0.4,100,40.46,11.56,15.97,21.68,29.28,34.05,40.46,56.91,74.6,,,,,, ,,,,
70,Sekisui House US,2000000,0.4,100,67.9,24.78,32.18,40.5,52.17,61.37,67.9,101.25,137.01,,,,,, ,,,,
71,Marathon Petrole,2000000,0.4,500,63.74,22.12,26.94,34.27,44.37,55.52,63.74,95.5,120.45,,,,,, ,,,,
72,McDonald's Corp,2000000,0.4,100,28.41,11.83,12.96,16.89,21.04,24.41,28.41,40.1,53.1,,,,,, ,,,,
73,McKesson Corp,2000000,0.4,100,37.74,13.52,15.02,19.96,26.58,30.82,37.74,59.14,77.53,,,,,, ,,,,
74,MetLife Inc,2000000,0.4,100,67.31,24.15,27.03,36.4,47.84,56.53,67.31,95.08,113.56,,,,,, ,,,,
75,Mondelez Interna,2000000,0.4,100,46.96,16.4,20.08,28.74,33.17,40.29,46.96,65.8,79.86,,,,,, ,,,,
76,Motorola Solution,2000000,0.4,100,43.89,11.57,17.85,22.76,31.18,37.25,43.89,61.71,81.62,,,,,, ,,,,
77,National Rural U,2000000,0.4,100,23.31,8.77,10.34,12.24,16.64,20.53,23.31,43.2,55.98,,,,,, ,,,,
78,Netflix Inc,2000000,0.4,500,36.36,12.84,16.25,20.8,25.55,30.83,36.36,55.67,63.24,,,,,, ,,,,
79,Newmont Corp,2000000,0.4,100,39.23,9.33,15.12,20.5,25.65,33.22,39.23,59.86,81.84,,,,,, ,,,,
80,NextEra Energy C,2000000,0.4,100,62.92,14.61,25.31,33.68,43.77,53.28,62.92,95.57,116.62,,,,,, ,,,,
81,Norfolk Southern,2000000,0.4,100,24.97,9.28,11.94,15.08,18.86,21.88,24.97,40.07,57.5, ,,,,, ,,,,
82,Northrop Grumm,2000000,0.4,100,28.1,8.47,12.25,16.24,20.38,24.16,28.1,42.09,54.41, ,,,,, ,,,,
83,Occidental Petro,2000000,0.4,100,97.06,45.34,50.7,64.31,78.39,86.45,97.06,126.19,149.07, ,,,,,,,,,
84,Omnicom Group ,2000000,0.4,100,52.7,14.67,18.93,25.52,35.45,42.14,52.7,69.43,86.07, ,,,,,,,,,
85,Oracle Corp,2000000,0.4,100,121.06,44.33,56.63,69.33,86.14,104.75,121.06,149.95,177.01, ,,,,,,,,,
86,Ovintiv Inc,2000000,0.4,100,106.91,42.2,47.86,62.3,74.57,92.8,106.91,147.41,177.24, ,,,,,,,,,
87,Packaging Corp o,2000000,0.4,100,38.74,12.35,14.52,19.27,25.91,32.87,38.74,53.18,70.3, ,,,,,,,,,
88,Paramount Globa,2000000,0.4,100,139.82,36.55,30.52,50.72,80.31,112.72,139.82,182.52,201.44, ,,,,,,,,,
89,Pfizer Inc,2000000,0.4,100,38.2,12.36,14.49,19.35,26.09,31.79,38.2,59.09,84.05, ,,,,,,,,,
90,Prudential Finan,2000000,0.4,100,69.48,22.09,28,37.86,47.77,57.71,69.48,93.51,112.73, ,,,,,,,,,
91,PulteGroup Inc,2000000,0.4,500,76.64,29.74,28.71,41.64,54.23,66.25,76.64,113.74,141.28, ,,,,,,,,,
92,Quest Diagnostic,2000000,0.4,100,33.72,10.69,14.27,18.13,23.7,29.07,33.72,48.9,63.93, ,,,,,,,,,
93,Radian Group Inc,2000000,0.4,500,100.83,24.72,37.2,54.92,71.21,84.33,100.83,131.87,155.3, ,,,,,,,,,
94,Royal Caribbean ,2000000,0.4,500,85.18,26.19,34.76,53.03,63.35,72.13,85.18,121.4,142.27, ,,,,,,,,,
95,RTX Corp,2000000,0.4,100,38.91,11.23,15.17,22.19,28.74,33.63,38.91,55.88,71.51, , , , , ,,,,,
96,Ryder System In,2000000,0.4,100,67.48,17.62,20.91,31.42,42.5,56.33,67.48,95.68,122.13, ,,,,,,,,,
97,Sempra,2000000,0.4,100,36,8,13.3,20,23.22,28.78,36,55.04,71.83, , ,,,,,,,,
98,Southwest Airline,2000000,0.4,100,116.9,34.58,42.42,65.66,81.24,97.99,116.9,152.97,175.19, , ,,,,,,,,
99,T-Mobile USA Inc,2000000,0.4,500,52.75,21.36,23.69,29.16,36.87,45.77,52.75,70.67,87.72, , ,,,,,,,,
100,Target Corp,2000000,0.4,100,51.79,13.91,20.17,28.8,36.35,43.61,51.79,68.25,82.02, , ,,,,,,,,
101,Teck Resources ,2000000,0.4,500,51.1,15.62,18.43,26.6,34.53,42.81,51.1,83.23,107.06, , ,,,,,,,,
102,AES Corp/The,2000000,0.4,500,113.13,21.6,38.89,58.35,77.24,95.68,113.13,154.91,175.28, , ,,,,,,,,
103,Allstate Corp/Th,2000000,0.4,100,31.28,11.55,13.78,17.16,21.39,27.23,31.28,46.04,57.92, , ,,,,,,,,
104,Boeing Co/The,2000000,0.4,100,72.58,30.98,36.13,42.19,53.47,61.4,72.58,93.72,111.09, , ,,,,,,,,
105,Campbell's Comp,2000000,0.4,100,58.13,14.85,20.9,26.99,36.97,46.02,58.13,85.74,105.92, , ,,,,,,,,
106,Dow Chemical Co,2000000,0.4,100,100.92,22.15,29.24,43.46,61.75,81.28,100.92,132.82,155.3, , , , , , ,,,,
107,Home Depot Inc/,2000000,0.4,100,31.88,11.23,12.67,19.25,22.59,26.33,31.88,45.98,61.79, , ,,,,,,,,
108,Kroger Co/The,2000000,0.4,100,42.13,13.48,16.58,21.88,27.66,35.2,42.13,62.28,77.6, , , ,,,,,,,
109,PNC Financial Se,2000000,0.4,100,57.06,30.33,32.21,39.41,45.69,51.13,57.06,74.8,87.83, , , ,,,,,,,
110,Procter & Gambl,2000000,0.4,100,26.62,12.67,15.67,18.48,21.42,23.29,26.62,37.78,49.74, , , ,,,,,,,
111,Sherwin-Williams,2000000,0.4,100,51.19,17.26,21.11,27.58,35.26,43.48,51.19,78.95,98.66, , , ,,,,,,,
112,Southern Co/The,2000000,0.4,100,41.35,12.31,17.35,26.92,32.81,37.38,41.35,60.39,76.79, , , ,,,,,,,
113,Walt Disney Co/T,2000000,0.4,100,37.86,16.69,19.26,22.63,29.26,33.48,37.86,51.56,63.09, , , ,,,,,,,
114,Williams Cos Inc,2000000,0.4,100,54.78,16.13,18.16,25.41,35.23,45.5,54.78,86.17,109.09, , , ,,,,,,,
115,Toll Brothers Inc,2000000,0.4,100,88.61,25.7,33.27,46.8,60.2,76.21,88.61,126.4,155.96, , , ,,,,,,,
116,TransCanada Pip,2000000,0.4,100,56.31,15.23,18.99,26.1,35.95,45.71,56.31,82.2,105.21,, , ,,,,,,,
117,Tyson Foods Inc,2000000,0.4,100,50.31,16.41,20.98,27,37.02,42.3,50.31,71.95,91.76, , , ,,,,,,,
118,Union Pacific Cor,2000000,0.4,100,27.16,10.01,12.65,15.55,19.63,23.8,27.16,40.44,54.58, ,, ,,,,,,,
119,United Parcel Se,2000000,0.4,100,35.25,11.98,16.01,19.89,24.52,30.45,35.25,50.51,63.59, ,, ,,,,,,,
120,UnitedHealth Gro,2000000,0.4,100,45.72,15.53,19.45,25.74,34.25,39.81,45.72,64.48,79.99, ,, ,,,,,,,
121,Valero Energy Co,2000000,0.4,100,53.26,16.57,18.6,25.28,34.91,46.12,53.26,84.11,106.45, ,, ,,,,,,,
122,Verizon Commun,2000000,0.4,100,61.07,28.74,32.63,37.84,46.87,54.51,61.07,82.51,102.97, ,, ,,,,,,,
123,Walmart Inc,2000000,0.4,100,27.57,10.71,12.7,18.34,21.77,25.07,27.57,41.57,53.41, ,, ,,,,,,,
124,Weyerhaeuser Co,2000000,0.4,100,34.18,11.74,13.47,17.9,24.79,28.42,34.18,48.1,64.54, ,, ,,,,,,,
125,Simon Property ,2000000,0.4,100,55.09,16.79,21.62,29.21,37.58,46.15,55.09,85.46,102.73,,, ,,,,,,,
,,,,,,,,,,,,,,,, ,,,,,,,
,,,,,,,,,,,,,,,, ,,,,,,,
,,,,,,,,,,,,,,,, ,,,,,,,
